Model,Precision,Recall,F1-Score,Time (s)
Isolation Forest,0.2581717451523546,0.42988929889298894,0.3226029768085843,0.19
One-Class SVM,0.2286348501664817,0.3800738007380074,0.2855162855162855,2.76
DBSCAN,0.07466666666666667,0.8523985239852399,0.13730589196819973,1.497
Local Outlier Factor,0.10433190970103721,0.1577490774907749,0.12559676827029012,2.373
Elliptic Envelope,0.002770083102493075,0.004612546125461255,0.003461405330564209,2.49
